 , , ,HepG2, , ,Peptaibol Group,Length,Plasmodium EC50 (uM),Selectivity Index,logSI,,,,,
1,18-AA peptaibols,1.141,17417,15.26468011,1.183687708,A,11-AA peptaibols,0.721,34.6740638,2.397940009,,A,11-AA peptaibols,0.1,250
1,18-AA peptaibols,1.655,25000,15.10574018,1.179142011,A,11-AA peptaibols,0.1,250,1.540004744,,A,11-AA peptaibols,0.721,34.6740638
1,18-AA peptaibols,0.891,12295,13.79910213,1.139850829,B,14-AA peptaibols,1.752,14.26940639,1.603451962,,B,14-AA peptaibols,0.293,85.32423208
1,18-AA peptaibols,0.613,9607,15.6721044,1.195127316,B,14-AA peptaibols,1.32,18.93939394,1.154405907,,B,14-AA peptaibols,0.319,78.36990596
1,18-AA peptaibols,0.865,6230,7.202312139,0.857471939,B,14-AA peptaibols,0.705,35.46099291,1.63601217,,B,14-AA peptaibols,0.325,76.92307692
1,18-AA peptaibols,1.18,21395,18.13135593,1.258430283,B,14-AA peptaibols,0.63,39.68253968,1.683610249,,B,14-AA peptaibols,0.423,59.10165485
1,18-AA peptaibols,0.449,12795,28.49665924,1.454793949,B,14-AA peptaibols,0.627,39.87240829,1.931072388,,B,14-AA peptaibols,0.518,48.26254826
1,18-AA peptaibols,0.747,14667,19.63453815,1.29302069,B,14-AA peptaibols,0.623,40.12841091,1.894149326,,B,14-AA peptaibols,0.521,47.98464491
1,18-AA peptaibols,0.916,17990,19.63973799,1.29313569,B,14-AA peptaibols,0.618,40.45307443,1.606951534,,B,14-AA peptaibols,0.555,45.04504505
1,18-AA peptaibols,0.591,11095,18.77326565,1.273539826,B,14-AA peptaibols,0.578,43.25259516,1.886056648,,B,14-AA peptaibols,0.578,43.25259516
2,14-AA peptaibols,0.623,25000,40.12841091,1.603451962,B,14-AA peptaibols,0.555,45.04504505,1.549750892,,B,14-AA peptaibols,0.618,40.45307443
2,14-AA peptaibols,1.752,25000,14.26940639,1.154405907,B,14-AA peptaibols,0.521,47.98464491,1.653647026,,B,14-AA peptaibols,0.623,40.12841091
2,14-AA peptaibols,0.578,25000,43.25259516,1.63601217,B,14-AA peptaibols,0.518,48.26254826,1.600672468,,B,14-AA peptaibols,0.627,39.87240829
2,14-AA peptaibols,0.518,25000,48.26254826,1.683610249,B,14-AA peptaibols,0.423,59.10165485,1.681102285,,B,14-AA peptaibols,0.63,39.68253968
2,14-AA peptaibols,0.293,25000,85.32423208,1.931072388,B,14-AA peptaibols,0.325,76.92307692,1.771599641,,B,14-AA peptaibols,0.705,35.46099291
2,14-AA peptaibols,0.319,25000,78.36990596,1.894149326,B,14-AA peptaibols,0.319,78.36990596,1.277366077,,B,14-AA peptaibols,1.32,18.93939394
2,14-AA peptaibols,0.618,25000,40.45307443,1.606951534,B,14-AA peptaibols,0.293,85.32423208,1.598599459,,B,14-AA peptaibols,1.752,14.26940639
2,14-AA peptaibols,0.325,25000,76.92307692,1.886056648,C,18-AA peptaibols,1.655,15.10574018,1.183687708,,C,18-AA peptaibols,0.449,28.49665924
2,14-AA peptaibols,0.705,25000,35.46099291,1.549750892,C,18-AA peptaibols,1.18,18.13135593,1.179142011,,C,18-AA peptaibols,0.591,18.77326565
2,14-AA peptaibols,0.555,25000,45.04504505,1.653647026,C,18-AA peptaibols,1.141,15.26468011,1.139850829,,C,18-AA peptaibols,0.613,15.6721044
2,14-AA peptaibols,0.627,25000,39.87240829,1.600672468,C,18-AA peptaibols,0.916,19.63973799,1.195127316,,C,18-AA peptaibols,0.747,19.63453815
2,14-AA peptaibols,0.521,25000,47.98464491,1.681102285,C,18-AA peptaibols,0.891,13.79910213,0.857471939,,C,18-AA peptaibols,0.865,7.202312139
2,14-AA peptaibols,0.423,25001,59.10165485,1.771599641,C,18-AA peptaibols,0.865,7.202312139,1.258430283,,C,18-AA peptaibols,0.891,13.79910213
2,14-AA peptaibols,1.32,25000,18.93939394,1.277366077,C,18-AA peptaibols,0.747,19.63453815,1.454793949,,C,18-AA peptaibols,0.916,19.63973799
2,14-AA peptaibols,0.63,25000,39.68253968,1.598599459,C,18-AA peptaibols,0.613,15.6721044,1.29302069,,C,18-AA peptaibols,1.141,15.26468011
3,11-AA peptaibols,0.1,25000,250,2.397940009,C,18-AA peptaibols,0.591,18.77326565,1.29313569,,C,18-AA peptaibols,1.18,18.13135593
3,11-AA peptaibols,0.721,25001,34.6740638,1.540004744,C,18-AA peptaibols,0.449,28.49665924,1.273539826,,C,18-AA peptaibols,1.655,15.10574018
4,7-AA Lipopeptaibols,1.123,25000,22.26179875,1.347560252,D,20-AA peptaibols,0.724,5.225138122,1.220229756,,D,20-AA peptaibols,0.315,18.32698413
4,7-AA Lipopeptaibols,3.004,25001,8.322237017,0.92024008,D,20-AA peptaibols,0.58,11.25517241,1.263091004,,D,20-AA peptaibols,0.373,7.847184987
4,7-AA Lipopeptaibols,2.901,25000,8.617718028,0.93539228,D,20-AA peptaibols,0.559,16.60465116,1.051352152,,D,20-AA peptaibols,0.517,6.48549323
5,11-AA Lipopeptaibols,2.676,25000,9.342301943,0.9704539,D,20-AA peptaibols,0.517,6.48549323,0.81194301,,D,20-AA peptaibols,0.559,16.60465116
5,11-AA Lipopeptaibols,2.526,25000,9.897070467,0.995506662,D,20-AA peptaibols,0.373,7.847184987,0.894713891,,D,20-AA peptaibols,0.58,11.25517241
5,11-AA Lipopeptaibols,0.888,25000,28.15315315,1.449527043,D,20-AA peptaibols,0.315,18.32698413,0.718097775,,D,20-AA peptaibols,0.724,5.225138122
5,11-AA Lipopeptaibols,3.142,25000,7.956715468,0.900733828,E,7-AA Lipopeptaibols,3.004,8.322237017,1.347560252,,E,7-AA Lipopeptaibols,1.123,22.26179875
5,11-AA Lipopeptaibols,1.934,25001,12.92657704,1.111483539,E,7-AA Lipopeptaibols,2.901,8.617718028,0.92024008,,E,7-AA Lipopeptaibols,2.901,8.617718028
5,11-AA Lipopeptaibols,2.384,25000,10.48657718,1.020633758,E,7-AA Lipopeptaibols,1.123,22.26179875,0.93539228,,E,7-AA Lipopeptaibols,3.004,8.322237017
5,11-AA Lipopeptaibols,0.908,10727,11.81387665,1.072392432,F,11-AA Lipopeptaibols,3.142,7.956715468,0.9704539,,F,11-AA Lipopeptaibols,0.888,28.15315315
5,11-AA Lipopeptaibols,0.928,8093,8.720905172,0.940561564,F,11-AA Lipopeptaibols,2.676,9.342301943,0.995506662,,F,11-AA Lipopeptaibols,0.908,11.81387665
6,15-AA Lipopeptaibols,0.578,25000,43.25259516,1.63601217,F,11-AA Lipopeptaibols,2.526,9.897070467,1.449527043,,F,11-AA Lipopeptaibols,0.928,8.720905172
6,15-AA Lipopeptaibols,2.271,25000,11.00836636,1.041722875,F,11-AA Lipopeptaibols,2.384,10.48657718,0.900733828,,F,11-AA Lipopeptaibols,1.934,12.92657704
6,15-AA Lipopeptaibols,1.549,25000,16.1394448,1.207888591,F,11-AA Lipopeptaibols,1.934,12.92657704,1.111483539,,F,11-AA Lipopeptaibols,2.384,10.48657718
6,15-AA Lipopeptaibols,2.525,25001,9.900990099,0.995678626,F,11-AA Lipopeptaibols,0.928,8.720905172,1.020633758,,F,11-AA Lipopeptaibols,2.526,9.897070467
6,15-AA Lipopeptaibols,2.102,25000,11.89343482,1.075307297,F,11-AA Lipopeptaibols,0.908,11.81387665,1.072392432,,F,11-AA Lipopeptaibols,2.676,9.342301943
6,15-AA Lipopeptaibols,0.786,23545,29.95547074,1.476476149,F,11-AA Lipopeptaibols,0.888,28.15315315,0.940561564,,F,11-AA Lipopeptaibols,3.142,7.956715468
6,15-AA Lipopeptaibols,0.834,25000,29.97601918,1.476773958,G,15-AA Lipopeptaibols,2.525,9.900990099,1.63601217,,G,15-AA Lipopeptaibols,0.577,27.52512998
6,15-AA Lipopeptaibols,0.577,15882,27.52512998,1.439729378,G,15-AA Lipopeptaibols,2.271,11.00836636,1.041722875,,G,15-AA Lipopeptaibols,0.578,43.25259516
7,20-AA peptaibols,0.559,9282,16.60465116,1.220229756,G,15-AA Lipopeptaibols,2.102,11.89343482,1.207888591,,G,15-AA Lipopeptaibols,0.786,29.95547074
7,20-AA peptaibols,0.315,5773,18.32698413,1.263091004,G,15-AA Lipopeptaibols,1.549,16.1394448,0.995678626,,G,15-AA Lipopeptaibols,0.834,29.97601918
7,20-AA peptaibols,0.58,6528,11.25517241,1.051352152,G,15-AA Lipopeptaibols,0.834,29.97601918,1.075307297,,G,15-AA Lipopeptaibols,1.549,16.1394448
7,20-AA peptaibols,0.517,3353,6.48549323,0.81194301,G,15-AA Lipopeptaibols,0.786,29.95547074,1.476476149,,G,15-AA Lipopeptaibols,2.102,11.89343482
7,20-AA peptaibols,0.373,2927,7.847184987,0.894713891,G,15-AA Lipopeptaibols,0.578,43.25259516,1.476773958,,G,15-AA Lipopeptaibols,2.271,11.00836636
7,20-AA peptaibols,0.724,3783,5.225138122,0.718097775,G,15-AA Lipopeptaibols,0.577,27.52512998,1.439729378,,G,15-AA Lipopeptaibols,2.525,9.900990099
8,Efrapeptins,0.388,25001,64.43298969,1.809108283,H,Efrapeptins,0.46,54.34782609,1.809108283,,H,Efrapeptins,0.388,64.43298969
8,Efrapeptins,0.46,25000,54.34782609,1.735182177,H,Efrapeptins,0.388,64.43298969,1.735182177,,H,Efrapeptins,0.46,54.34782609
